g13806.t1.pdb,28,29,4,14,36,16,0
g1087.t1.pdb,86,88,7,45,93,49,97
g13435.t1.pdb,45,45,9,77,57,19,0
g9602.t1.pdb,57,49,16,271,81,36,37
g1806.t1.pdb,29,29,4,17,41,20,0
g6648.t2.pdb,72,76,11,122,85,44,63
g8354.t2.pdb,38,38,7,45,54,26,0
g3031.t1.pdb,33,33,7,43,46,9,0
g4606.t1.pdb,65,70,17,275,86,28,51
g4596.t1.pdb,65,62,16,252,97,32,29
g7070.t1.pdb,83,85,9,87,98,57,88
g9591.t1.pdb,41,41,5,22,50,14,0
g2118.t1.pdb,33,30,8,66,58,17,0
g3597.t1.pdb,77,79,6,39,88,53,86
g8108.t1.pdb,76,70,18,318,98,35,50
g8003.t2.pdb,89,93,10,110,99,51,92
g8106.t1.pdb,57,52,20,394,89,28,38
g7007.t1.pdb,40,40,9,87,60,25,0
g13467.t1.pdb,29,28,4,17,42,17,0
g2607.t2.pdb,68,64,18,316,95,27,43
g6105.t2.pdb,35,34,7,47,50,21,0
g4669.t1.pdb,56,52,11,116,85,40,12
g6335.t1.pdb,83,90,17,305,98,20,81
g2399.t1.pdb,37,35,7,43,54,26,0
g9549.t1.pdb,91,95,10,98,99,48,94
g4329.t1.pdb,35,35,5,25,46,18,0
g10918.t1.pdb,96,98,4,18,99,67,99
g13916.t1.pdb,41,41,9,73,58,16,0
g10828.t1.pdb,52,52,5,25,70,40,0
g13345.t1.pdb,79,86,16,259,98,43,65
g13797.t1.pdb,56,54,14,189,86,28,19
g8501.t1.pdb,59,58,13,165,82,34,30
g14339.t1.pdb,42,42,8,69,60,22,0
g4620.t1.pdb,63,70,17,277,84,27,49
g11903.t1.pdb,41,42,4,17,52,28,0
g8867.t1.pdb,91,94,9,87,99,44,96
g1052.t1.pdb,95,96,6,38,99,51,99
g13563.t1.pdb,33,33,4,16,43,21,0
g8271.t1.pdb,74,83,19,365,97,17,58
g13000.t1.pdb,37,36,7,55,54,17,0
g5638.t1.pdb,62,62,16,252,87,28,36
g13864.t2.pdb,35,34,3,11,46,26,0
g8168.t1.pdb,37,37,5,28,48,27,0
g3533.t1.pdb,83,88,15,211,98,38,79
g8805.t1.pdb,32,30,6,38,49,19,0
g13060.t1.pdb,68,74,14,189,84,21,65
g3244.t1.pdb,87,91,11,116,98,51,88
g13671.t1.pdb,37,34,8,67,53,17,0
g13560.t1.pdb,32,31,5,27,46,23,0
g3957.t1.pdb,59,59,12,141,79,18,23
g11473.t1.pdb,86,88,10,91,98,50,95
g13550.t1.pdb,71,75,11,114,82,42,69
g9839.t1.pdb,38,37,7,46,52,26,0
g1168.t1.pdb,58,47,24,581,95,26,39
g11129.t1.pdb,61,55,16,259,97,34,19
g12563.t1.pdb,44,42,7,55,64,32,0
g8210.t1.pdb,85,90,14,194,99,41,84
g7864.t2.pdb,86,91,14,200,99,26,87
g4041.t1.pdb,65,72,18,318,86,27,53
g8342.t1.pdb,38,38,7,54,53,25,0
g4266.t2.pdb,64,68,15,220,85,29,46
g1732.t1.pdb,30,30,4,17,40,17,0
g11345.t1.pdb,39,39,3,8,45,33,0
g2341.t1.pdb,41,41,4,13,48,33,0
g4320.t1.pdb,97,98,2,5,99,86,100
g3239.t1.pdb,32,32,5,23,44,19,0
g1030.t1.pdb,91,93,7,54,98,63,96
g8264.t1.pdb,86,91,14,197,99,19,90
g6838.t1.pdb,67,71,13,179,90,40,53
g13852.t1.pdb,34,34,4,16,46,13,0
g7354.t1.pdb,30,30,3,11,37,18,0
g14353.t1.pdb,74,81,16,250,91,27,67
g372.t1.pdb,79,88,20,382,99,29,69
g2368.t1.pdb,47,45,9,84,65,22,0
g8216.t1.pdb,85,90,14,183,99,44,83
g4116.t1.pdb,45,43,6,40,59,30,0
g6846.t1.pdb,46,46,7,54,56,26,0
g6688.t1.pdb,96,97,4,19,99,67,100
g8496.t1.pdb,64,68,14,207,82,32,44
g3552.t1.pdb,60,51,19,366,92,26,35
g2037.t1.pdb,40,37,11,130,74,23,1
g12960.t1.pdb,34,33,6,35,48,19,0
g12709.t1.pdb,64,67,11,128,77,36,40
g828.t1.pdb,45,41,12,136,67,26,0
g10349.t1.pdb,91,94,8,61,99,64,96
g8855.t1.pdb,60,64,21,431,91,24,45
g73.t1.pdb,47,43,10,99,71,32,3
g12833.t1.pdb,36,35,6,35,51,26,0
g13711.t1.pdb,83,85,13,176,98,51,78
g3101.t1.pdb,35,33,11,131,68,17,0
g12138.t1.pdb,92,96,9,77,99,49,95
g2292.t2.pdb,78,83,15,212,96,31,76
g13756.t1.pdb,44,43,9,90,74,23,2
g754.t1.pdb,39,40,4,14,47,30,0
g10170.t1.pdb,31,30,5,28,45,8,0
g10600.t1.pdb,41,40,6,35,53,27,0
g9762.t1.pdb,83,86,11,128,97,29,90
g528.t1.pdb,31,31,4,13,42,15,0
g6996.t1.pdb,58,53,11,115,78,45,26
g10083.t1.pdb,57,51,14,208,79,34,31
g3220.t1.pdb,46,40,12,133,71,31,3
g7808.t1.pdb,76,81,17,272,98,29,65
g6352.t1.pdb,87,89,8,68,98,53,96
g11497.t1.pdb,41,41,8,72,59,19,0
g7491.t1.pdb,35,36,5,21,44,24,0
g8458.t1.pdb,85,88,7,48,91,58,95
g10219.t1.pdb,68,69,6,33,77,50,41
g3232.t1.pdb,91,93,5,24,96,58,99
g6474.t1.pdb,87,90,10,99,98,54,90
g3936.t1.pdb,40,39,8,69,59,25,0
g13606.t1.pdb,43,42,6,35,55,32,0
g1511.t1.pdb,82,90,20,397,99,17,77
g13511.t1.pdb,45,43,5,24,57,35,0
g6171.t1.pdb,68,72,11,131,83,25,56
g8441.t1.pdb,49,52,11,126,68,18,0
g8262.t1.pdb,71,72,6,39,81,44,60
g5166.t1.pdb,84,87,10,109,94,37,94
g5237.t1.pdb,38,37,7,54,58,18,0
g13646.t1.pdb,36,34,7,51,52,22,0
g5870.t1.pdb,80,80,11,127,98,42,82
g9039.t1.pdb,77,80,14,192,95,37,75
g5201.t1.pdb,38,38,5,23,52,26,0
g10781.t1.pdb,88,89,8,69,98,42,96
g8408.t1.pdb,72,76,16,267,95,31,57
g361.t1.pdb,51,49,8,62,73,39,3
g8368.t1.pdb,68,66,9,75,90,53,28
g1413.t1.pdb,40,34,15,232,77,25,10
g10784.t1.pdb,87,89,9,76,98,40,95
g3266.t1.pdb,34,34,4,17,42,18,0
g7849.t1.pdb,34,34,4,18,48,22,0
g3404.t1.pdb,88,89,7,43,98,61,98
g6177.t2.pdb,31,30,5,25,46,18,0
g6911.t1.pdb,40,33,14,200,77,23,8
g11192.t1.pdb,28,28,4,17,46,15,0
g7900.t1.pdb,34,34,3,10,42,25,0
g9818.t1.pdb,33,32,4,20,44,17,0
g6256.t1.pdb,42,42,7,44,54,30,0
g11342.t1.pdb,62,55,16,262,95,40,31
g12868.t1.pdb,76,81,18,331,99,19,65
g7442.t1.pdb,49,44,20,396,84,23,24
g2328.t1.pdb,35,31,10,95,56,11,0
g2041.t1.pdb,36,34,9,84,61,14,0
g2400.t1.pdb,37,35,6,38,53,25,0
g5107.t1.pdb,33,34,6,34,47,6,0
g967.t1.pdb,77,79,13,165,95,40,70
g13584.t3.pdb,85,92,14,189,98,45,83
g3089.t1.pdb,84,88,12,137,96,37,88
g10774.t1.pdb,85,87,9,80,97,37,94
g695.t1.pdb,59,63,17,293,82,29,41
g14062.t2.pdb,70,73,11,118,86,43,60
g6691.t1.pdb,81,85,11,124,95,49,83
g5176.t1.pdb,44,41,6,38,59,34,0
g6891.t1.pdb,34,33,7,52,51,15,0
g9849.t1.pdb,28,26,8,66,61,13,0
g486.t1.pdb,28,27,4,15,37,16,0
g10579.t1.pdb,29,29,4,14,37,17,0
g8778.t1.pdb,33,32,6,32,48,24,0
g12739.t1.pdb,31,30,5,25,41,18,0
g10716.t2.pdb,89,94,12,136,99,36,92
g5108.t1.pdb,61,55,17,284,97,35,22
g12323.t1.pdb,66,69,13,167,83,35,48
g2497.t1.pdb,87,90,8,57,96,54,96
g3236.t1.pdb,84,88,13,165,98,39,89
g4178.t1.pdb,58,58,14,193,81,28,29
g692.t1.pdb,55,58,15,216,76,24,15
g2977.t1.pdb,41,41,3,10,46,33,0
g6211.t1.pdb,52,47,13,179,86,20,11
g13675.t1.pdb,38,37,5,24,55,30,0
g7278.t1.pdb,48,44,9,88,68,35,0
g13597.t1.pdb,30,29,5,23,44,17,0
g5181.t1.pdb,35,34,7,49,48,16,0
g226.t1.pdb,32,32,4,14,41,23,0
g13745.t2.pdb,42,42,11,122,63,19,0
g12536.t1.pdb,61,57,15,230,92,35,31
g1650.t1.pdb,58,62,19,350,81,23,39
g13631.t1.pdb,42,40,11,129,79,21,4
g12173.t1.pdb,56,64,17,303,82,25,31
g13862.t1.pdb,71,77,14,187,87,38,70
g2729.t1.pdb,32,30,6,36,49,21,0
g12688.t1.pdb,63,73,19,372,91,25,57
g8097.t1.pdb,55,55,14,208,82,25,19
g11981.t1.pdb,41,42,10,96,59,18,0
g12961.t1.pdb,52,52,7,47,74,37,1
g12241.t1.pdb,86,89,10,91,98,44,93
g5701.t1.pdb,95,96,4,13,98,67,100
g11506.t1.pdb,58,55,11,121,82,45,18
g386.t1.pdb,79,82,11,122,90,44,84
g2770.t1.pdb,88,92,11,122,99,49,89
g9298.t1.pdb,55,57,9,84,67,31,0
g6215.t1.pdb,87,87,8,57,98,54,95
g12286.t1.pdb,65,72,16,252,84,31,58
g2847.t1.pdb,85,88,9,80,96,59,89
g6967.t1.pdb,71,75,17,286,98,37,58
g1749.t1.pdb,82,86,12,155,98,43,80
g4691.t1.pdb,43,42,7,54,62,23,0
g780.t1.pdb,82,85,11,114,98,54,81
g2762.t1.pdb,35,31,10,110,76,15,1
g12391.t1.pdb,45,45,6,39,61,29,0
g8000.t1.pdb,86,90,11,120,98,52,90
g7142.t1.pdb,80,85,15,238,98,20,81
g10799.t1.pdb,45,45,9,80,59,21,0
g338.t1.pdb,30,30,3,8,36,23,0
g3243.t1.pdb,86,90,11,114,98,51,91
g11802.t1.pdb,44,44,6,33,56,28,0
g12719.t1.pdb,71,73,14,194,90,36,60
g11624.t2.pdb,34,31,9,82,58,19,0
g4040.t1.pdb,67,72,16,259,86,31,54
g6353.t1.pdb,89,92,8,71,99,57,94
g8418.t1.pdb,36,35,7,45,53,25,0
g7682.t1.pdb,40,41,4,19,49,19,0
g1512.t1.pdb,37,32,12,144,64,15,0
g4482.t1.pdb,39,39,6,33,53,29,0
g4035.t1.pdb,92,96,9,88,99,46,96
g6544.t2.pdb,38,40,8,57,52,11,0
g11612.t1.pdb,82,86,12,141,93,45,86
g11687.t1.pdb,42,40,11,114,77,19,4
g7450.t1.pdb,57,60,15,221,81,26,20
g7017.t1.pdb,79,85,16,256,98,34,74
g112.t1.pdb,88,93,12,133,98,54,88
g12033.t1.pdb,43,36,15,212,73,17,5
g5359.t1.pdb,55,50,18,314,86,23,30
g10013.t1.pdb,65,60,15,240,97,35,33
g1074.t1.pdb,56,57,12,156,75,36,14
g9498.t1.pdb,63,61,8,70,78,50,25
g5841.t1.pdb,40,40,5,23,50,18,0
g11341.t1.pdb,32,32,4,19,42,7,0
g3935.t1.pdb,32,31,6,31,45,13,0
g9797.t1.pdb,62,66,12,136,78,41,32
g4423.t1.pdb,25,25,3,8,38,15,0
g3795.t1.pdb,91,94,9,88,99,51,94
g9551.t1.pdb,59,59,5,21,65,44,0
g4386.t1.pdb,78,84,17,279,96,43,71
g11377.t1.pdb,81,84,12,134,91,37,89
g1463.t1.pdb,62,66,11,114,76,36,25
g7243.t1.pdb,86,86,8,67,97,53,97
g2548.t1.pdb,33,33,6,33,44,19,0
g13687.t1.pdb,85,89,12,154,99,46,87
g7863.t1.pdb,95,97,6,37,99,59,99
g2975.t1.pdb,42,40,7,49,56,30,0
g6733.t1.pdb,85,89,11,123,98,48,87
g13171.t1.pdb,34,34,6,37,45,16,0
g6373.t1.pdb,34,34,8,63,49,19,0
g1064.t1.pdb,76,77,12,144,94,34,78
g965.t1.pdb,33,32,6,31,44,16,0
g4896.t1.pdb,46,43,11,128,68,23,0
g515.t1.pdb,62,62,9,90,80,45,19
g11637.t1.pdb,74,77,13,166,91,44,68
g9544.t1.pdb,34,33,5,29,47,18,0
g2528.t1.pdb,38,36,9,89,56,17,0
g8852.t1.pdb,50,48,11,126,73,26,4
g2065.t1.pdb,31,32,4,16,38,16,0
g6045.t1.pdb,32,31,5,21,52,22,0
g371.t1.pdb,78,88,20,383,99,29,69
g13241.t1.pdb,34,34,4,18,45,20,0
g14218.t1.pdb,70,71,16,245,95,37,53
g6151.t1.pdb,43,39,12,145,66,19,0
g3425.t1.pdb,36,34,7,52,51,16,0
g2270.t1.pdb,33,32,6,32,45,19,0
g3319.t1.pdb,79,80,5,29,88,54,95
g1165.t1.pdb,64,66,17,302,92,25,41
g693.t1.pdb,48,40,16,272,78,24,13
g6601.t1.pdb,27,27,2,6,35,19,0
g14382.t1.pdb,46,48,5,23,56,35,0
g12284.t1.pdb,55,59,15,215,78,8,16
g783.t1.pdb,65,68,13,158,86,43,44
g10030.t1.pdb,87,92,11,129,99,53,90
g11423.t2.pdb,72,68,12,135,94,52,45
g13717.t1.pdb,76,83,19,346,98,26,66
g13363.t1.pdb,90,93,9,77,99,50,96
g10332.t1.pdb,49,48,5,21,60,39,0
g56.t1.pdb,52,48,14,203,79,27,21
g9679.t1.pdb,64,64,17,280,89,22,43
g4789.t1.pdb,91,93,6,38,99,69,99
g10827.t1.pdb,53,53,5,29,74,40,1
g10289.t1.pdb,66,71,14,189,86,40,51
g4357.t1.pdb,69,74,17,276,97,27,61
g11510.t1.pdb,88,91,10,94,99,42,95
g744.t1.pdb,78,84,16,247,93,35,84
g2318.t1.pdb,86,92,14,190,96,49,88
g657.t1.pdb,40,39,7,46,57,32,0
g13547.t1.pdb,42,42,5,29,52,29,0
g8267.t1.pdb,38,36,8,58,58,27,0
g4735.t1.pdb,65,63,16,241,96,33,37
g2518.t2.pdb,60,58,16,266,91,34,28
g10424.t1.pdb,59,54,16,259,97,31,22
g8670.t1.pdb,38,34,8,71,64,21,0
g13605.t1.pdb,81,88,16,257,98,33,76
g17.t1.pdb,55,56,20,412,88,23,36
g8355.t1.pdb,35,33,7,46,52,18,0
g99.t1.pdb,49,46,10,107,74,31,4
g8542.t1.pdb,51,51,4,13,58,37,0
g10230.t2.pdb,30,28,6,32,46,22,0
g11343.t1.pdb,21,21,3,8,30,9,0
g3012.t1.pdb,41,41,7,48,53,25,0
g10775.t1.pdb,64,67,12,133,80,31,39
g10002.t1.pdb,38,40,10,102,58,21,0
g9084.t1.pdb,68,65,14,196,97,39,38
g8715.t1.pdb,79,83,12,144,95,44,78
g10351.t1.pdb,74,84,19,344,91,32,75
g916.t1.pdb,94,96,7,50,99,43,98
g10024.t1.pdb,44,44,6,31,53,31,0
g12979.t2.pdb,57,59,11,113,76,29,11
g9748.t1.pdb,66,66,11,115,81,40,43
g13458.t1.pdb,33,34,4,14,40,20,0
g3541.t1.pdb,44,45,7,44,55,22,0
g12021.t1.pdb,85,90,10,110,96,57,82
g14006.t1.pdb,66,73,16,245,85,25,55
g4425.t1.pdb,28,29,4,17,38,17,0
g13750.t1.pdb,72,72,16,243,95,41,52
g11425.t1.pdb,54,53,13,158,77,31,10
g8343.t1.pdb,32,30,6,38,49,22,0
g8497.t1.pdb,31,29,7,48,52,15,0
g10766.t1.pdb,56,58,8,69,69,33,0
g11483.t1.pdb,36,35,6,38,50,27,0
g14440.t1.pdb,88,93,10,104,98,61,91
g3646.t1.pdb,81,85,11,132,95,37,85
g291.t1.pdb,56,53,14,187,78,33,23
g3567.t1.pdb,34,35,3,8,40,24,0
g8401.t1.pdb,51,52,9,85,70,27,1
g10352.t1.pdb,80,81,10,93,97,51,86
g3445.t1.pdb,80,85,15,220,98,37,82
g7332.t1.pdb,72,79,16,247,93,38,63
g8349.t1.pdb,88,90,8,58,99,61,98
g1067.t1.pdb,45,47,10,109,63,22,0
g8135.t1.pdb,35,33,9,76,64,20,0
g10829.t1.pdb,53,54,5,25,62,42,0
g9638.t1.pdb,89,91,9,85,95,34,96
g9373.t1.pdb,42,41,4,20,51,32,0
g12003.t1.pdb,79,84,16,261,98,40,75
g2359.t1.pdb,91,95,9,84,99,43,94
g1517.t1.pdb,64,65,17,304,90,26,43
g12362.t1.pdb,83,88,13,171,95,42,86
g11625.t1.pdb,82,90,17,285,99,38,74
g11726.t1.pdb,66,61,17,283,94,33,40
g11236.t1.pdb,38,34,11,118,67,16,0
g8240.t1.pdb,82,84,8,61,96,50,92
g5579.t1.pdb,30,31,4,12,37,15,0
g10816.t1.pdb,24,22,6,42,53,9,0
g7247.t1.pdb,49,48,8,62,67,31,0
g2360.t1.pdb,91,94,10,94,99,31,96
g6629.t1.pdb,40,38,6,42,56,29,0
g11332.t1.pdb,42,42,4,19,50,29,0
g7343.t1.pdb,79,82,14,203,98,45,76
g4349.t1.pdb,60,56,15,238,96,35,21
g872.t2.pdb,37,35,7,43,56,27,0
g4797.t1.pdb,28,28,4,14,36,15,0
g11373.t2.pdb,37,34,8,65,52,19,0
g1073.t1.pdb,70,74,13,172,87,29,60
g2885.t2.pdb,88,90,8,62,98,62,97
g4379.t2.pdb,70,72,12,146,92,30,57
g154.t1.pdb,59,61,16,271,83,18,40
g1643.t2.pdb,81,86,14,202,98,38,78
g2788.t1.pdb,87,89,8,63,95,52,94
g5835.t1.pdb,75,80,16,257,94,22,79
g1496.t1.pdb,34,33,6,40,49,14,0
g4706.t1.pdb,89,91,8,63,98,64,97
g9128.t1.pdb,45,43,10,99,68,29,0
g9750.t1.pdb,72,76,12,135,89,31,68
g13897.t1.pdb,34,34,5,21,47,23,0
g10779.t1.pdb,67,72,14,206,85,43,54
g13457.t1.pdb,33,31,6,41,47,15,0
g7055.t1.pdb,28,29,4,16,38,10,0
g1720.t1.pdb,69,73,13,178,87,38,55
g4022.t1.pdb,47,45,17,276,78,21,12
g13827.t1.pdb,30,28,7,54,50,17,0
g4378.t1.pdb,30,29,7,52,64,16,0
g4938.t1.pdb,56,49,14,210,82,36,27
g7187.t1.pdb,82,86,14,183,98,50,78
g4483.t1.pdb,88,91,10,93,98,46,94
g3820.t1.pdb,80,85,11,127,95,48,79
g8337.t1.pdb,38,37,6,38,53,24,0
g4607.t1.pdb,77,82,13,161,91,37,74
g8254.t1.pdb,85,88,6,42,92,51,97
g1494.t2.pdb,68,71,22,484,98,21,51
g10001.t1.pdb,40,38,10,95,60,24,0
g10744.t1.pdb,31,30,5,21,43,20,0
g10309.t1.pdb,82,83,7,43,95,58,96
g7346.t1.pdb,84,87,11,114,96,58,84
g2187.t2.pdb,76,83,19,348,97,20,71
g293.t1.pdb,40,39,7,53,59,19,0
g3514.t1.pdb,68,78,19,367,89,34,63
g5188.t1.pdb,68,67,15,230,97,39,39
g7006.t3.pdb,39,41,9,73,57,21,0
g9864.t1.pdb,68,73,15,217,88,38,56
g14025.t1.pdb,85,86,9,86,97,55,91
g363.t1.pdb,49,46,9,84,78,37,5
g11527.t1.pdb,43,42,5,26,56,30,0
g208.t1.pdb,39,38,4,19,51,30,0
g3094.t1.pdb,91,93,7,52,99,61,97
g1042.t1.pdb,73,78,14,195,87,36,74
g13166.t1.pdb,43,40,9,90,68,27,0
g6560.t1.pdb,76,77,12,139,91,48,68
g11051.t2.pdb,42,32,22,493,91,8,21
g8265.t1.pdb,91,93,8,58,99,58,98
g13802.t1.pdb,39,37,9,73,59,24,0
g10350.t1.pdb,77,86,16,260,93,41,75
g11899.t1.pdb,50,55,20,408,82,17,24
g6574.t1.pdb,74,79,16,247,91,26,70
g14082.t1.pdb,37,36,6,39,56,25,0
g7413.t1.pdb,34,33,6,31,46,17,0
g6.t1.pdb,34,34,4,16,44,19,0
g10445.t1.pdb,85,89,13,166,98,32,86
g9265.t2.pdb,30,30,3,10,36,23,0
g5896.t1.pdb,36,35,5,30,52,11,0
g4355.t1.pdb,60,56,16,269,97,30,22
g13775.t1.pdb,53,58,13,167,72,18,4
g13703.t1.pdb,47,45,6,36,64,33,0
g6552.t1.pdb,81,86,14,193,98,53,67
g496.t1.pdb,29,28,6,34,47,18,0
g4992.t1.pdb,37,36,10,91,65,6,0
g1415.t1.pdb,86,92,13,169,98,55,80
g2719.t1.pdb,86,88,9,80,98,49,92
g9531.t1.pdb,76,80,11,128,87,37,82
g3797.t1.pdb,82,85,13,171,98,37,85
g6898.t1.pdb,73,77,15,221,93,38,64
g10418.t1.pdb,77,87,21,429,94,37,74
g1791.t1.pdb,92,94,7,44,99,64,98
g14420.t1.pdb,87,89,7,46,95,56,97
g2120.t1.pdb,50,49,6,35,64,37,0
g9937.t1.pdb,43,43,9,78,58,22,0
g5093.t1.pdb,89,93,12,141,99,47,90
g3428.t1.pdb,92,95,8,69,99,46,97
g4788.t1.pdb,92,94,6,39,99,66,99
g7859.t1.pdb,49,48,6,36,63,32,0
g9499.t1.pdb,62,60,9,81,77,49,24
g1.t1.pdb,76,80,13,165,92,15,79
g5116.t2.pdb,91,94,8,60,99,62,96
g362.t1.pdb,49,47,9,83,76,31,3
g13500.t1.pdb,89,92,10,94,98,54,90
g10291.t1.pdb,66,71,14,192,86,40,51
g8783.t1.pdb,72,76,21,437,98,18,59
g9557.t1.pdb,31,31,4,12,43,15,0
g4356.t2.pdb,63,57,16,259,98,39,23
g12133.t1.pdb,85,88,8,69,94,57,93
g6742.t1.pdb,89,94,10,110,99,56,91
g10820.t1.pdb,52,52,6,41,68,40,0
g12187.t1.pdb,65,59,14,209,97,40,24
g9191.t1.pdb,81,87,16,266,98,38,75
g1000.t1.pdb,65,70,17,303,92,19,50
g6647.t1.pdb,89,93,13,159,99,28,92
g6094.t1.pdb,42,42,7,52,60,26,0
g7567.t1.pdb,82,88,17,296,99,18,80
g14473.t1.pdb,75,79,15,223,96,44,62
g7029.t1.pdb,34,34,3,11,46,27,0
g12081.t1.pdb,68,71,10,102,81,37,52
g224.t1.pdb,51,52,16,262,79,25,17
g8527.t1.pdb,65,59,15,225,97,37,26
g6138.t1.pdb,56,56,9,74,69,40,0
g12944.t1.pdb,71,78,16,270,88,16,69
g2746.t1.pdb,85,91,12,133,97,46,85
g3725.t1.pdb,38,36,6,37,52,27,0
g11511.t1.pdb,68,71,10,105,83,43,52
g4921.t1.pdb,47,47,6,39,61,28,0
g2985.t1.pdb,84,90,13,159,98,54,81
g13595.t1.pdb,64,60,11,128,85,46,30
g13274.t1.pdb,35,34,6,35,48,23,0
g1642.t2.pdb,81,86,14,202,98,38,78
g979.t1.pdb,36,36,7,45,49,15,0
g3185.t1.pdb,92,93,7,43,99,64,99
g495.t2.pdb,81,90,16,266,98,52,63
g1515.t1.pdb,36,33,10,94,57,18,0
g3845.t1.pdb,76,78,11,126,91,46,74
g13898.t1.pdb,78,81,11,115,92,45,80
g11159.t1.pdb,97,98,4,16,99,68,100
g2000.t1.pdb,84,87,12,156,98,34,89
g355.t1.pdb,61,64,19,358,92,30,40
g12983.t2.pdb,87,88,8,56,98,46,96
g14455.t1.pdb,48,50,11,112,66,28,0
g8438.t1.pdb,66,67,15,221,91,6,45
g10868.t1.pdb,86,90,12,155,99,45,88
g5068.t1.pdb,51,49,12,145,78,29,8
g9206.t1.pdb,35,33,8,60,57,23,0
g12206.t1.pdb,91,94,8,64,98,56,97
g11150.t1.pdb,81,84,12,145,94,32,88
g13762.t1.pdb,34,33,10,105,57,12,0
g394.t1.pdb,62,73,21,444,89,31,52
g3494.t1.pdb,88,92,12,135,98,37,92
g2158.t1.pdb,38,38,7,51,54,11,0
g261.t1.pdb,75,78,10,106,88,53,66
g11485.t1.pdb,35,35,4,15,43,24,0
g10602.t1.pdb,43,44,4,20,50,20,0
g10033.t1.pdb,69,74,14,196,89,39,58
g5109.t1.pdb,63,58,16,271,97,36,27
g2387.t1.pdb,65,61,16,253,98,35,31
g7440.t1.pdb,31,31,4,20,41,11,0
g5226.t1.pdb,55,52,11,128,80,38,14
g9443.t1.pdb,49,44,12,142,74,32,4
g9545.t1.pdb,36,35,7,52,52,18,0
g4313.t1.pdb,68,73,12,154,85,46,54
g8109.t1.pdb,76,72,17,302,98,49,52
g7325.t1.pdb,36,37,6,40,47,18,0
g7781.t1.pdb,88,89,7,43,98,60,99
g5110.t1.pdb,83,88,13,177,98,52,77
g3680.t1.pdb,68,74,17,300,86,18,65
g9349.t1.pdb,80,86,17,289,98,41,69
g5163.t1.pdb,83,86,10,94,93,34,95
g11141.t1.pdb,78,86,15,226,96,39,74
g7213.t1.pdb,49,49,11,113,70,30,1
g2149.t2.pdb,34,34,6,40,49,15,0
g93.t1.pdb,61,62,12,153,79,31,32
g6320.t1.pdb,49,46,9,82,68,35,0
g14436.t1.pdb,34,32,9,79,54,7,0
g7768.t1.pdb,66,62,12,156,91,46,36
g391.t1.pdb,79,84,13,181,93,47,77
g11488.t1.pdb,31,31,4,16,42,17,0
g13570.t1.pdb,54,47,26,650,95,15,36
g10280.t1.pdb,92,96,12,136,99,43,92
g5442.t1.pdb,30,31,3,7,35,22,0
g2343.t1.pdb,31,29,7,43,53,15,0
g5271.t1.pdb,28,29,3,11,34,8,0
g7100.t1.pdb,33,33,4,13,41,25,0
g10427.t1.pdb,73,77,11,112,88,29,75
g12541.t1.pdb,88,93,11,126,99,46,92
g10095.t2.pdb,86,90,13,175,98,31,90
g11933.t1.pdb,41,44,7,47,53,25,0
g46.t1.pdb,69,73,12,137,84,43,56
g13619.t1.pdb,30,31,4,14,38,23,0
g7080.t1.pdb,73,78,18,307,97,28,63
g1675.t1.pdb,58,51,19,350,88,32,35
g7632.t1.pdb,31,29,8,63,59,18,0
g9379.t1.pdb,64,67,12,132,81,41,40
g7563.t1.pdb,58,58,3,11,64,54,0
g7039.t1.pdb,91,94,9,84,99,47,95
g1516.t1.pdb,72,77,15,218,90,33,73
g9938.t1.pdb,51,51,6,31,67,41,0
g8396.t1.pdb,64,65,10,109,86,35,26
g13487.t1.pdb,67,74,24,565,99,17,53
g1334.t1.pdb,48,49,14,197,74,21,5
g12648.t2.pdb,40,39,5,26,57,18,0
g1416.t1.pdb,52,49,15,215,83,33,16
g9099.t1.pdb,42,38,10,107,58,24,0
g7638.t1.pdb,75,78,14,195,96,35,68
g3645.t1.pdb,49,51,6,37,57,26,0
g7237.t1.pdb,32,31,3,12,40,24,0
g8555.t1.pdb,51,50,8,69,70,36,1
g13031.t1.pdb,39,39,5,26,50,19,0
g6690.t1.pdb,96,97,4,19,99,67,100
g3788.t1.pdb,55,56,11,117,73,34,7
g12113.t1.pdb,50,50,6,39,61,38,0
g1353.t1.pdb,44,44,3,9,51,38,0
g12161.t1.pdb,66,73,15,236,88,28,54
g7811.t1.pdb,87,93,14,205,98,50,83
g2573.t1.pdb,69,70,9,85,87,45,50
g6102.t1.pdb,43,41,10,106,71,15,1
g9228.t1.pdb,37,37,3,11,43,26,0
g5884.t1.pdb,87,89,5,23,92,62,99
g7970.t1.pdb,69,70,10,91,86,48,50
g12109.t1.pdb,49,43,13,178,80,34,14
g12132.t1.pdb,77,83,15,226,92,47,77
g8599.t1.pdb,37,37,3,10,44,25,0
g11885.t1.pdb,37,36,9,81,64,19,0
g3071.t1.pdb,47,47,6,38,61,33,0
g6010.t1.pdb,68,73,20,388,97,25,58
g7974.t1.pdb,51,52,5,27,62,42,0
g2726.t1.pdb,39,38,7,43,53,18,0
g10090.t1.pdb,72,78,14,184,89,47,61
g13783.t1.pdb,33,31,7,48,54,22,0
g9996.t1.pdb,52,50,12,133,74,28,8
g3568.t2.pdb,33,32,6,32,44,18,0
g9780.t1.pdb,83,88,13,164,98,57,82
g430.t1.pdb,52,50,8,64,69,37,0
g13454.t1.pdb,70,78,17,301,87,22,61
g2861.t1.pdb,72,77,15,227,90,31,64
g11329.t1.pdb,57,52,9,86,76,43,10
g12061.t1.pdb,37,38,5,24,47,26,0
g8757.t2.pdb,32,32,3,8,39,25,0
g8348.t1.pdb,90,91,7,43,99,63,98
g10356.t1.pdb,54,57,9,79,67,37,0
g13657.t1.pdb,37,36,5,26,49,26,0
g9488.t1.pdb,87,89,10,99,98,58,94
g8214.t1.pdb,85,91,16,271,99,32,84
g4073.t1.pdb,84,89,13,178,99,51,80
g163.t1.pdb,27,27,3,8,34,15,0
g11409.t1.pdb,64,66,7,51,74,43,18
g7147.t1.pdb,78,83,15,237,98,20,73
g8064.t1.pdb,81,87,15,223,98,49,75
g12326.t1.pdb,30,30,3,10,38,22,0
g9401.t1.pdb,61,63,13,176,84,33,31
g12543.t1.pdb,86,90,12,143,98,36,89
g16.t1.pdb,37,36,7,45,51,14,0
g4191.t1.pdb,88,93,13,159,99,27,92
g12785.t1.pdb,86,91,12,141,97,46,87
g9335.t1.pdb,49,44,14,210,73,25,4
g9002.t1.pdb,54,51,12,150,77,36,14
g2117.t2.pdb,33,32,7,50,50,16,0
g13925.t1.pdb,37,35,9,77,58,22,0
g13063.t1.pdb,29,29,3,9,38,23,0
g9956.t1.pdb,82,84,12,152,97,46,83
g1513.t1.pdb,89,93,12,135,99,45,90
g8.t1.pdb,55,55,11,128,79,34,9
g9945.t1.pdb,66,61,15,220,97,39,28
g13828.t1.pdb,60,53,24,577,98,22,38
g310.t1.pdb,81,88,17,283,99,31,80
g9355.t1.pdb,60,65,19,373,87,27,38
g6788.t1.pdb,80,85,15,231,98,29,79
g3557.t1.pdb,36,35,6,37,52,12,0
g7771.t1.pdb,59,57,11,126,80,44,21
g11964.t2.pdb,74,78,14,196,92,43,72
g7103.t1.pdb,92,96,12,137,99,33,93
g6249.t1.pdb,57,58,16,251,85,27,22
g6139.t2.pdb,52,46,18,338,97,23,16
g7648.t1.pdb,38,38,7,42,53,17,0
g13848.t1.pdb,81,87,17,302,99,29,82
g1106.t1.pdb,47,47,7,54,64,32,0
g9754.t1.pdb,44,44,4,19,52,28,0
g9942.t1.pdb,45,44,7,45,67,33,0
g13237.t1.pdb,32,32,6,41,45,15,0
g13674.t1.pdb,86,90,9,90,97,52,94
g13694.t1.pdb,76,79,11,124,90,30,84
g7848.t1.pdb,37,37,4,14,44,18,0
g5622.t1.pdb,88,89,4,15,92,75,100
g12338.t1.pdb,74,77,15,238,96,42,61
g690.t1.pdb,63,67,16,242,82,26,48
g1116.t1.pdb,33,33,5,22,45,19,0
g9082.t1.pdb,44,42,9,86,69,27,0
g1417.t1.pdb,86,90,12,154,99,34,91
g13519.t1.pdb,82,91,16,246,98,52,69
g6929.t1.pdb,44,34,17,292,78,23,13
g13843.t1.pdb,50,51,4,18,63,40,0
g5717.t1.pdb,49,54,17,289,75,17,9
g254.t1.pdb,58,54,16,261,97,31,17
g10814.t1.pdb,23,21,5,30,53,10,0
g12774.t1.pdb,59,52,17,298,96,39,26
g244.t2.pdb,51,46,13,174,78,33,16
g12119.t1.pdb,31,30,6,37,43,12,0
g7778.t1.pdb,88,90,8,63,98,56,97
g7708.t1.pdb,44,40,10,92,62,31,0
g9425.t1.pdb,53,49,18,311,86,18,22
g5216.t1.pdb,39,37,9,74,57,17,0
g6527.t1.pdb,88,93,10,104,98,61,91
g3398.t2.pdb,89,91,7,47,98,67,98
g5878.t1.pdb,33,31,7,49,53,13,0
g12258.t1.pdb,79,83,12,143,93,36,83
g509.t1.pdb,38,35,9,83,54,7,0
g9126.t1.pdb,35,34,6,38,48,12,0
g2338.t1.pdb,62,62,19,366,97,20,37
g25.t1.pdb,33,29,10,98,58,11,0
g9798.t1.pdb,85,86,8,65,96,52,95
g2557.t1.pdb,30,30,4,18,40,19,0
g13729.t1.pdb,40,38,7,44,58,26,0
g3237.t1.pdb,75,79,12,136,93,37,75
g8344.t1.pdb,33,31,5,24,47,24,0
g9089.t1.pdb,90,91,5,28,97,65,99
g3731.t1.pdb,91,93,7,45,99,63,98
g12619.t1.pdb,66,71,17,277,88,32,52
g11644.t1.pdb,52,52,6,38,66,41,0
g11532.t1.pdb,31,32,4,17,41,18,0
g10104.t1.pdb,69,72,14,189,87,35,55
g12981.t1.pdb,34,32,7,48,49,18,0
g14398.t1.pdb,34,33,4,13,42,21,0
g13733.t1.pdb,69,76,16,259,88,39,62
g9063.t1.pdb,69,72,11,119,84,40,60
g5494.t1.pdb,79,82,12,134,96,46,72
g8777.t1.pdb,39,37,10,96,59,19,0
g3794.t1.pdb,32,31,6,40,46,15,0
g7915.t1.pdb,36,36,4,13,43,27,0
g13668.t1.pdb,51,50,14,209,79,28,13
g11434.t1.pdb,48,45,10,103,70,29,0
g8888.t1.pdb,69,69,11,123,88,43,49
g11395.t1.pdb,32,32,5,27,48,14,0
g3356.t1.pdb,94,96,6,31,99,72,100
g7079.t1.pdb,83,87,11,129,93,44,87
g3399.t1.pdb,89,92,7,45,98,65,99
g12420.t1.pdb,31,30,4,16,43,20,0
g11000.t1.pdb,43,43,6,33,63,33,0
g9261.t1.pdb,47,47,3,10,56,41,0
g7350.t1.pdb,30,30,4,18,42,19,0
g351.t1.pdb,66,65,17,281,94,31,40
g11812.t1.pdb,64,71,19,374,89,25,51
g9522.t1.pdb,60,61,7,52,78,43,6
g8689.t1.pdb,41,40,7,48,54,20,0
g11572.t1.pdb,76,79,13,168,95,49,66
g2831.t1.pdb,57,50,16,245,82,33,35
g8142.t1.pdb,39,37,6,35,52,25,0
g8761.t1.pdb,65,62,14,201,97,42,23
g10065.t1.pdb,70,77,17,302,88,18,70
g1129.t1.pdb,48,48,5,24,60,36,0
g10155.t1.pdb,48,48,7,45,59,33,0
g11816.t1.pdb,65,71,20,382,94,28,52
g4450.t1.pdb,37,33,13,162,79,19,4
g13787.t1.pdb,56,57,11,124,76,33,14
g9353.t1.pdb,88,90,6,42,94,61,96
g13058.t1.pdb,87,90,9,86,99,51,95
g2402.t1.pdb,35,34,7,55,50,18,0
g5213.t2.pdb,52,48,11,119,75,30,13
g5029.t1.pdb,84,85,10,101,98,52,88
g10522.t1.pdb,85,90,15,211,99,39,81
g8040.t1.pdb,41,41,7,54,56,27,0
g564.t1.pdb,28,28,3,11,35,6,0
g11528.t1.pdb,43,44,5,22,51,32,0
g395.t1.pdb,76,83,15,220,93,34,70
g8248.t1.pdb,60,62,9,87,77,26,10
g13562.t1.pdb,33,33,5,21,45,23,0
g9363.t1.pdb,52,49,13,161,79,30,11
g8853.t1.pdb,61,59,14,186,81,38,38
g8839.t1.pdb,78,87,20,398,98,26,72
g11116.t1.pdb,44,42,6,35,56,33,0
g3561.t1.pdb,68,69,13,173,89,42,48
g8444.t1.pdb,46,46,7,53,64,19,0
g13169.t2.pdb,59,59,14,205,84,31,34
g5609.t1.pdb,34,34,3,8,40,25,0
g11678.t1.pdb,64,68,17,288,85,22,46
g10217.t2.pdb,51,45,18,308,97,21,15
g12805.t1.pdb,64,65,8,65,77,42,27
g3638.t1.pdb,79,84,17,297,98,31,78
g9597.t1.pdb,40,38,5,27,52,30,0
g11813.t1.pdb,63,66,14,195,81,29,37
g11539.t1.pdb,45,46,9,74,59,21,0
g5940.t1.pdb,30,30,5,27,47,17,0
g3288.t1.pdb,89,91,7,54,98,58,98
g7776.t1.pdb,89,91,8,58,98,55,98
g10303.t1.pdb,67,64,14,184,96,41,34
g12712.t1.pdb,86,88,7,50,97,53,97
g5028.t1.pdb,85,85,8,59,98,58,96
g11593.t1.pdb,56,47,15,236,81,36,32
g1747.t2.pdb,30,29,5,23,42,16,0
g6260.t1.pdb,74,75,13,170,96,41,64
g3431.t1.pdb,47,46,10,100,67,31,0
g14041.t1.pdb,50,54,14,188,75,18,2
g1269.t1.pdb,39,38,4,18,49,31,0
g3828.t1.pdb,67,78,19,375,88,24,63
g11654.t1.pdb,67,67,14,189,90,45,39
g3088.t1.pdb,33,33,4,20,48,18,0
g8162.t1.pdb,55,63,21,433,82,19,35
g3161.t1.pdb,35,35,6,34,48,17,0
g8939.t1.pdb,83,85,8,66,93,57,88
g2046.t1.pdb,31,31,5,23,45,21,0
g8545.t1.pdb,39,38,5,25,51,22,0
g11836.t1.pdb,74,77,11,117,87,39,73
g2615.t1.pdb,20,20,4,19,36,8,0
g14104.t1.pdb,37,35,7,45,52,17,0
g8962.t1.pdb,44,40,12,152,77,16,2
g3021.t1.pdb,43,41,7,55,57,29,0
g8656.t1.pdb,82,90,18,335,96,31,84
g3369.t1.pdb,39,39,4,18,51,28,0
g12268.t1.pdb,49,43,14,191,83,29,13
g12919.t1.pdb,29,28,3,10,37,20,0
g205.t1.pdb,47,46,10,91,64,28,0
g6952.t1.pdb,75,75,14,190,96,48,55
g5960.t1.pdb,63,64,11,126,79,40,35
g10034.t1.pdb,78,78,9,90,95,48,82
g2434.t1.pdb,60,62,14,205,80,32,34
g5905.t1.pdb,45,48,14,206,73,20,7
g12745.t1.pdb,32,31,4,16,39,16,0
g4633.t1.pdb,62,56,16,255,97,37,23
g312.t2.pdb,50,44,16,264,95,32,14
g12094.t1.pdb,95,97,5,27,99,71,100
g1419.t1.pdb,46,40,14,196,81,31,13
g12147.t1.pdb,80,83,14,203,98,43,77
g7798.t1.pdb,89,91,7,43,98,61,99
g5744.t1.pdb,90,93,8,57,96,53,96
g9230.t1.pdb,75,80,12,145,91,35,72
g9575.t1.pdb,32,32,4,13,44,25,0
g9295.t1.pdb,63,58,17,273,94,39,31
g6661.t1.pdb,90,94,10,100,99,42,94
g3216.t1.pdb,51,50,8,60,70,40,0
g13607.t1.pdb,79,84,16,249,98,25,75
g12618.t1.pdb,66,71,16,261,88,37,52
g6751.t1.pdb,90,92,7,52,99,66,99
g3640.t1.pdb,76,85,21,448,98,26,69
g13507.t1.pdb,57,59,9,84,72,34,6
g4342.t1.pdb,89,94,13,179,99,16,92
g3576.t1.pdb,41,40,5,23,52,32,0
g8739.t2.pdb,49,52,16,253,73,22,7
g3754.t1.pdb,75,76,11,124,93,39,72
g9765.t1.pdb,91,92,7,51,99,53,98
g2129.t1.pdb,62,59,16,245,86,38,38
g688.t2.pdb,62,68,15,229,83,36,48
g44.t1.pdb,37,35,6,31,51,22,0
g5810.t1.pdb,58,65,23,517,88,21,46
g4265.t1.pdb,61,62,13,159,83,36,28
g5773.t1.pdb,40,39,6,33,56,32,0
g3355.t1.pdb,92,95,8,69,99,42,98
g3032.t1.pdb,52,52,9,78,67,30,0
g3291.t1.pdb,68,72,10,95,83,44,52
g6734.t3.pdb,77,86,20,403,98,28,68
g8759.t2.pdb,67,64,13,169,97,44,31
g10625.t1.pdb,31,31,4,16,43,18,0
g7700.t1.pdb,30,30,3,11,36,16,0
g12421.t1.pdb,27,27,4,18,42,11,0
g10293.t1.pdb,61,61,5,29,76,49,5
g5217.t1.pdb,41,40,12,141,72,16,2
g9601.t1.pdb,56,49,16,267,81,31,35
g11091.t1.pdb,76,80,14,184,93,33,76
g4476.t1.pdb,69,63,13,176,93,46,42
g9643.t1.pdb,43,44,5,23,51,28,0
g1305.t1.pdb,52,54,15,216,75,16,16
g11310.t2.pdb,39,38,7,47,53,17,0
g8096.t1.pdb,37,36,6,41,52,19,0
g13236.t1.pdb,42,41,5,28,54,27,0
g3219.t2.pdb,56,54,14,210,85,30,20
g10478.t1.pdb,34,34,6,35,49,20,0
g9774.t1.pdb,60,64,11,130,77,41,24
g1127.t1.pdb,39,39,9,73,56,17,0
g5641.t1.pdb,84,91,15,220,98,46,79
g1743.t1.pdb,53,54,13,167,74,26,8
g3505.t1.pdb,88,91,11,131,98,27,94
g14463.t1.pdb,36,36,3,11,43,22,0
g5721.t2.pdb,32,30,6,41,59,17,0
g7106.t1.pdb,92,96,12,137,99,33,93
g9677.t1.pdb,35,33,7,49,51,16,0
g7779.t1.pdb,86,87,8,60,98,48,97
g9992.t1.pdb,57,55,13,177,78,14,26
g13899.t2.pdb,30,30,4,19,38,16,0
g7742.t1.pdb,40,39,5,27,51,30,0
g2361.t1.pdb,91,94,9,75,99,52,95
g6133.t1.pdb,61,63,18,313,89,28,42
g10021.t1.pdb,92,95,6,40,98,66,98
g1645.t1.pdb,93,94,4,20,99,77,100
g10783.t1.pdb,85,88,11,118,98,32,87
g13538.t1.pdb,36,35,4,20,48,28,0
g11613.t1.pdb,87,90,9,89,98,38,94
g14170.t2.pdb,50,49,11,121,67,30,0
g9759.t1.pdb,85,86,8,69,97,52,94
g11400.t2.pdb,56,48,17,298,89,33,30
g4263.t2.pdb,64,67,15,214,85,31,44
g6356.t1.pdb,39,30,20,409,95,21,12
g12716.t1.pdb,44,41,10,103,64,27,0
g2173.t1.pdb,35,32,9,81,60,9,0
g7706.t1.pdb,34,33,4,17,43,18,0
g10354.t1.pdb,80,84,15,236,98,24,85
g10042.t1.pdb,56,55,8,60,73,31,3
g11760.t1.pdb,51,48,8,65,69,34,0
g12710.t1.pdb,88,89,6,32,97,64,99
g4183.t1.pdb,62,69,17,273,81,28,46
g7392.t1.pdb,34,33,6,34,48,22,0
g11312.t2.pdb,41,39,8,63,57,22,0
g14028.t1.pdb,51,50,5,22,67,42,0
g13083.t1.pdb,69,66,14,200,97,41,40
g2159.t1.pdb,34,33,6,39,45,14,0
g13812.t1.pdb,79,83,11,129,94,49,82
g13023.t1.pdb,31,31,4,19,43,19,0
g6841.t1.pdb,80,84,15,228,98,30,78
g6043.t1.pdb,64,67,9,88,76,41,32
g9188.t2.pdb,76,80,19,374,98,25,66
g9655.t1.pdb,64,73,17,293,85,30,53
g2449.t1.pdb,36,35,7,50,51,12,0
g7047.t1.pdb,54,47,17,279,79,32,33
g7071.t1.pdb,80,81,8,66,97,53,90
g6706.t1.pdb,32,32,6,32,47,15,0
g2836.t1.pdb,87,91,11,127,99,50,89
g13390.t1.pdb,82,87,16,245,99,32,83
g10532.t1.pdb,37,37,6,34,48,22,0
g1869.t2.pdb,77,85,18,334,96,34,73
g2717.t1.pdb,82,84,9,82,97,53,91
g11164.t1.pdb,86,91,13,157,98,41,87
g5161.t1.pdb,74,79,17,285,94,25,69
g2780.t1.pdb,71,75,15,218,92,29,58
g5534.t2.pdb,82,88,14,187,97,38,84
g3644.t1.pdb,65,69,10,108,79,42,46
g12713.t1.pdb,44,43,9,85,64,18,0
g7060.t1.pdb,39,38,10,96,61,21,0
g9133.t1.pdb,55,54,13,160,81,30,15
g5837.t1.pdb,68,72,10,107,81,45,59
g8446.t1.pdb,64,65,10,91,79,39,32
g5875.t1.pdb,34,34,3,10,42,24,0
g13774.t1.pdb,30,30,4,18,42,24,0
g13463.t1.pdb,33,32,6,40,48,11,0
g6449.t1.pdb,51,51,8,65,64,37,0
g12213.t1.pdb,88,91,10,108,99,40,94
g5784.t1.pdb,72,77,17,293,95,40,59
g1505.t1.pdb,76,83,17,296,97,25,74
g5555.t1.pdb,37,36,5,28,48,26,0
g12987.t2.pdb,34,33,5,28,47,24,0
g6914.t1.pdb,37,37,3,10,43,27,0
g3401.t2.pdb,89,91,7,52,98,63,96
g12430.t1.pdb,35,35,3,11,42,23,0
g1053.t1.pdb,95,97,5,29,99,51,99
g14469.t1.pdb,29,28,4,16,40,18,0
g13649.t1.pdb,42,42,6,40,63,18,0
g14139.t2.pdb,78,86,21,440,99,14,77
g1083.t1.pdb,74,79,13,175,89,37,74
g6689.t1.pdb,96,97,4,18,99,67,100
g13348.t1.pdb,40,39,6,40,53,27,0
g11477.t1.pdb,91,93,5,29,97,70,100
g2040.t1.pdb,35,32,10,101,68,18,0
g8535.t1.pdb,36,36,4,16,46,22,0
g7099.t1.pdb,42,39,7,44,57,31,0
g10102.t1.pdb,69,72,17,298,94,25,54
g667.t1.pdb,58,65,19,376,85,18,41
g10736.t1.pdb,48,49,7,43,60,23,0
g8633.t1.pdb,62,66,14,204,82,29,36
g8717.t1.pdb,68,65,14,201,97,38,33
g12375.t1.pdb,76,82,15,239,92,35,75
g9978.t1.pdb,74,78,12,151,89,42,71
g8374.t1.pdb,44,41,15,215,78,15,8
g1726.t1.pdb,73,77,16,259,94,42,64
g487.t1.pdb,35,35,4,20,48,23,0
g6541.t1.pdb,86,90,11,121,98,43,88
g685.t2.pdb,42,38,16,259,74,12,5
g10161.t1.pdb,31,31,4,19,38,11,0
g1308.t1.pdb,89,92,10,109,99,39,94
g12554.t1.pdb,47,44,13,169,75,11,5
g8445.t1.pdb,48,50,10,98,72,30,1
g8971.t1.pdb,49,46,12,139,69,21,0
g3234.t1.pdb,66,69,11,111,78,24,49
g6876.t1.pdb,43,43,6,33,55,28,0
g13064.t1.pdb,93,95,8,58,99,52,97
g5860.t1.pdb,39,39,4,17,57,30,0
g2467.t1.pdb,49,46,17,297,95,19,11
g5725.t1.pdb,44,44,3,12,50,37,0
g6782.t1.pdb,81,87,16,243,98,33,78
g11056.t1.pdb,84,90,15,231,98,26,84
g11784.t1.pdb,38,37,7,44,52,26,0
g4351.t1.pdb,63,61,16,253,97,35,24
g7117.t1.pdb,38,34,11,130,70,20,1
g11643.t1.pdb,60,64,14,201,83,37,32
g13573.t1.pdb,66,69,8,66,74,35,34
g10267.t1.pdb,87,89,9,79,98,49,94
g4341.t1.pdb,64,63,15,231,96,36,27
g1727.t1.pdb,68,76,20,401,94,35,57
g7518.t1.pdb,41,40,6,31,53,29,0
g6990.t1.pdb,93,96,7,43,99,50,99
g10581.t2.pdb,34,32,7,44,50,17,0
g7373.t1.pdb,31,29,5,27,51,18,0
g2582.t1.pdb,55,55,6,33,71,45,1
g2448.t1.pdb,32,32,3,9,41,23,0
g11575.t1.pdb,86,92,15,217,98,39,87
g4723.t1.pdb,36,37,4,15,44,28,0
g1377.t1.pdb,66,73,20,419,91,24,57
g9050.t1.pdb,70,60,20,384,98,36,39
g7146.t1.pdb,85,88,12,152,98,34,88
g803.t2.pdb,63,58,15,220,95,33,25
g1378.t1.pdb,65,65,14,206,86,43,44
g9151.t1.pdb,83,87,15,230,97,24,86
g3583.t1.pdb,43,42,6,42,55,30,0
g12438.t1.pdb,48,48,9,77,63,28,0
g6493.t1.pdb,48,45,8,71,70,35,1
g6039.t1.pdb,45,45,3,11,51,36,0
g6701.t1.pdb,51,46,11,129,80,22,11
g2043.t1.pdb,36,34,9,84,61,14,0
g691.t1.pdb,47,45,12,156,72,23,2
g13228.t1.pdb,36,35,6,39,49,9,0
g11513.t3.pdb,73,76,14,201,92,26,66
g9297.t1.pdb,41,40,4,18,50,25,0
g10168.t1.pdb,46,45,5,28,58,36,0
g743.t1.pdb,80,88,19,370,99,16,75
g2613.t1.pdb,30,30,4,14,38,14,0
g360.t1.pdb,44,43,5,28,58,35,0
g5801.t1.pdb,38,37,7,49,51,16,0
g11915.t1.pdb,62,63,14,186,81,32,39
g11732.t1.pdb,70,69,12,146,89,32,47
g710.t1.pdb,63,63,13,181,83,38,37
g1267.t1.pdb,68,75,16,245,88,43,58
g13808.t1.pdb,67,69,15,211,88,41,47
g6294.t1.pdb,44,41,7,45,58,35,0
g4372.t1.pdb,46,46,11,121,65,27,0
g14415.t1.pdb,36,35,4,19,48,25,0
g8594.t1.pdb,31,30,4,20,43,7,0
g222.t1.pdb,76,81,12,138,92,51,73
g4491.t1.pdb,41,41,5,29,55,28,0
g13838.t1.pdb,87,90,10,96,98,48,92
g4525.t1.pdb,72,76,14,196,90,27,59
g7906.t1.pdb,44,43,4,18,54,34,0
g12646.t1.pdb,28,28,3,11,37,20,0
g156.t1.pdb,74,81,22,483,98,26,65
g716.t1.pdb,71,78,17,282,89,35,74
g1318.t1.pdb,96,97,4,19,99,65,100
g7190.t1.pdb,92,95,9,82,99,39,96
g9403.t1.pdb,49,45,14,204,72,18,5
g10892.t1.pdb,28,26,7,50,62,20,0
g11478.t2.pdb,85,89,11,128,95,45,89
g1141.t1.pdb,69,76,21,456,96,14,63
g10721.t1.pdb,32,31,6,30,44,9,0
g11365.t1.pdb,47,46,7,51,62,35,0
g202.t1.pdb,50,48,12,150,74,23,5
g4595.t1.pdb,66,66,15,233,97,35,30
g8356.t1.pdb,36,34,8,66,55,17,0
g971.t1.pdb,92,94,6,41,98,57,98
g11924.t1.pdb,80,84,15,221,98,40,79
